country,vaccine,multilateral_agreement,donations,covax,unknown,total
China,Unknown,(Blank),(Blank),(Blank),"1,318,417,000","1,318,417,000"
United States of America,Pfizer BioNTech - Comirnaty,"190,173,165",(Blank),(Blank),(Blank),"190,173,165"
United States of America,Moderna - mRNA-1273,"157,850,400",(Blank),(Blank),(Blank),"157,850,400"
United States of America,Janssen - Ad26.COV 2.S,"18,170,300",(Blank),(Blank),(Blank),"18,170,300"
India,Unknown,(Blank),(Blank),(Blank),"202,989,497","202,989,497"
India,SII - Covishield,"143,440,000",(Blank),"10,000,000",(Blank),"153,440,000"
India,Gamaleya - Sputnik V,"3,150,000",(Blank),(Blank),(Blank),"3,150,000"
India,Bharat - Covaxin,(Blank),"1,650,000",(Blank),(Blank),"1,650,000"
Brazil,Unknown,(Blank),(Blank),(Blank),"79,244,933","79,244,933"
Brazil,AstraZeneca - Vaxzevria,"18,800,000",(Blank),"5,073,600",(Blank),"23,873,600"
Brazil,SII - Covishield,"4,000,000",(Blank),(Blank),(Blank),"4,000,000"
Brazil,Pfizer BioNTech - Comirnaty,"2,564,290",(Blank),"842,400",(Blank),"3,406,690"
Brazil,Janssen - Ad26.COV 2.S,"1,500,000",(Blank),(Blank),(Blank),"1,500,000"
Brazil,Sinovac - CoronaVac,"800,000",(Blank),(Blank),(Blank),"800,000"
Germany,Pfizer BioNTech - Comirnaty,"62,135,667",(Blank),(Blank),(Blank),"62,135,667"
Germany,AstraZeneca - Vaxzevria,"15,199,460",(Blank),(Blank),(Blank),"15,199,460"
Germany,Moderna - mRNA-1273,"7,641,280",(Blank),(Blank),(Blank),"7,641,280"
Germany,Janssen - Ad26.COV 2.S,"3,611,295",(Blank),(Blank),(Blank),"3,611,295"
United Kingdom of Great Britain and Northern Ireland,Unknown,(Blank),(Blank),(Blank),"73,078,081","73,078,081"
United Kingdom of Great Britain and Northern Ireland,SII - Covishield,"5,000,000",(Blank),(Blank),(Blank),"5,000,000"
United Kingdom of Great Britain and Northern Ireland,Pfizer BioNTech - Comirnaty,"1,000,000",(Blank),"539,370",(Blank),"1,539,370"
Indonesia,Sinovac - CoronaVac,"66,800,000",(Blank),(Blank),(Blank),"66,800,000"
Indonesia,AstraZeneca - Vaxzevria,(Blank),(Blank),"8,228,400",(Blank),"8,228,400"
Indonesia,Moderna - mRNA-1273,(Blank),(Blank),"3,000,060",(Blank),"3,000,060"
Indonesia,Sinopharm (Beijing) - BBIBP-CorV,"1,482,400",(Blank),(Blank),(Blank),"1,482,400"
France,Pfizer BioNTech - Comirnaty,"46,195,110",(Blank),(Blank),(Blank),"46,195,110"
France,AstraZeneca - Vaxzevria,"9,423,900",(Blank),(Blank),(Blank),"9,423,900"
France,Moderna - mRNA-1273,"6,127,600",(Blank),(Blank),(Blank),"6,127,600"
France,Janssen - Ad26.COV 2.S,"2,571,800",(Blank),(Blank),(Blank),"2,571,800"
Italy,Pfizer BioNTech - Comirnaty,"41,038,330",(Blank),(Blank),(Blank),"41,038,330"
Italy,AstraZeneca - Vaxzevria,"12,464,323",(Blank),(Blank),(Blank),"12,464,323"
Italy,Moderna - mRNA-1273,"6,105,689",(Blank),(Blank),(Blank),"6,105,689"
Italy,Janssen - Ad26.COV 2.S,"2,254,601",(Blank),(Blank),(Blank),"2,254,601"
Turkey,Sinovac - CoronaVac,"25,000,000",(Blank),(Blank),(Blank),"25,000,000"
Turkey,Unknown,(Blank),(Blank),(Blank),"24,648,190","24,648,190"
Turkey,Pfizer BioNTech - Comirnaty,"4,500,000",(Blank),(Blank),(Blank),"4,500,000"
Japan,Unknown,(Blank),(Blank),(Blank),"47,958,363","47,958,363"
Japan,Pfizer BioNTech - Comirnaty,"2,912,600",(Blank),(Blank),(Blank),"2,912,600"
Spain,Pfizer BioNTech - Comirnaty,"30,999,455",(Blank),(Blank),(Blank),"30,999,455"
Spain,AstraZeneca - Vaxzevria,"8,265,900",(Blank),(Blank),(Blank),"8,265,900"
Spain,Moderna - mRNA-1273,"4,342,800",(Blank),(Blank),(Blank),"4,342,800"
Spain,Janssen - Ad26.COV 2.S,"1,681,700",(Blank),(Blank),(Blank),"1,681,700"
Canada,Pfizer BioNTech - Comirnaty,"28,971,444",(Blank),(Blank),(Blank),"28,971,444"
Canada,Moderna - mRNA-1273,"11,045,670",(Blank),(Blank),(Blank),"11,045,670"
Canada,SII - Covishield,"2,449,460",(Blank),(Blank),(Blank),"2,449,460"
Canada,AstraZeneca - Vaxzevria,(Blank),(Blank),"972,000",(Blank),"972,000"
Canada,Janssen - Ad26.COV 2.S,"300,000",(Blank),(Blank),(Blank),"300,000"
Russian Federation,Unknown,(Blank),(Blank),(Blank),"42,803,292","42,803,292"
Russian Federation,SRCVB - EpiVacCorona,"230,000",(Blank),(Blank),(Blank),"230,000"
Poland,Pfizer BioNTech - Comirnaty,"27,499,680",(Blank),(Blank),(Blank),"27,499,680"
Poland,AstraZeneca - Vaxzevria,"7,047,300",(Blank),(Blank),(Blank),"7,047,300"
Poland,Moderna - mRNA-1273,"3,769,600",(Blank),(Blank),(Blank),"3,769,600"
Poland,Janssen - Ad26.COV 2.S,"1,503,700",(Blank),(Blank),(Blank),"1,503,700"
Mexico,AstraZeneca - Vaxzevria,"9,494,800",(Blank),"3,304,800",(Blank),"12,799,600"
Mexico,CanSino - Ad5-nCOV,"3,830,000",(Blank),(Blank),(Blank),"3,830,000"
Mexico,Sinovac - CoronaVac,"3,700,000",(Blank),(Blank),(Blank),"3,700,000"
Mexico,Gamaleya - Sputnik V,"1,750,000",(Blank),(Blank),(Blank),"1,750,000"
Mexico,Janssen - Ad26.COV 2.S,(Blank),"1,350,000",(Blank),(Blank),"1,350,000"
Mexico,Pfizer BioNTech - Comirnaty,"1,070,550",(Blank),(Blank),(Blank),"1,070,550"
Mexico,SII - Covishield,"870,000",(Blank),(Blank),(Blank),"870,000"
Argentina,Unknown,(Blank),(Blank),(Blank),"13,998,834","13,998,834"
Argentina,Gamaleya - Sputnik V,"5,869,895",(Blank),(Blank),(Blank),"5,869,895"
Argentina,AstraZeneca - Vaxzevria,"1,654,600",(Blank),"1,944,000",(Blank),"3,598,600"
Argentina,SII - Covishield,"580,000",(Blank),(Blank),(Blank),"580,000"
Argentina,Sinopharm (Beijing) - BBIBP-CorV,"340,800",(Blank),(Blank),(Blank),"340,800"
Chile,Unknown,(Blank),(Blank),(Blank),"11,826,042","11,826,042"
Chile,Sinovac - CoronaVac,"10,419,800",(Blank),(Blank),(Blank),"10,419,800"
Chile,AstraZeneca - Vaxzevria,"204,000",(Blank),"489,600",(Blank),"693,600"
Chile,CanSino - Ad5-nCOV,"575,908",(Blank),(Blank),(Blank),"575,908"
Chile,Pfizer BioNTech - Comirnaty,"272,000",(Blank),(Blank),(Blank),"272,000"
Colombia,Unknown,(Blank),(Blank),(Blank),"16,956,501","16,956,501"
Colombia,AstraZeneca - Vaxzevria,"244,800",(Blank),"2,066,400",(Blank),"2,311,200"
Colombia,Pfizer BioNTech - Comirnaty,"343,670",(Blank),"1,209,780",(Blank),"1,553,450"
Colombia,Sinovac - CoronaVac,"1,239,880",(Blank),(Blank),(Blank),"1,239,880"
Colombia,Janssen - Ad26.COV 2.S,"480,000",(Blank),(Blank),(Blank),"480,000"
Republic of Korea,Unknown,(Blank),(Blank),(Blank),"15,984,140","15,984,140"
Republic of Korea,Pfizer BioNTech - Comirnaty,"1,088,000",(Blank),"414,180",(Blank),"1,502,180"
Republic of Korea,Vaxzevria,"1,500,000",(Blank),(Blank),(Blank),"1,500,000"
Republic of Korea,AstraZeneca - Vaxzevria,(Blank),(Blank),"1,267,200",(Blank),"1,267,200"
Republic of Korea,Janssen - Ad26.COV 2.S,(Blank),"1,013,000",(Blank),(Blank),"1,013,000"
Republic of Korea,Moderna - mRNA-1273,"55,000",(Blank),(Blank),(Blank),"55,000"
Pakistan,Unknown,(Blank),(Blank),(Blank),"10,660,346","10,660,346"
Pakistan,Sinovac - CoronaVac,"3,500,000",(Blank),(Blank),(Blank),"3,500,000"
Pakistan,Sinopharm (Beijing) - BBIBP-CorV,"1,500,000","1,500,000",(Blank),(Blank),"3,000,000"
Pakistan,Moderna - mRNA-1273,(Blank),(Blank),"2,500,000",(Blank),"2,500,000"
Pakistan,AstraZeneca - Vaxzevria,(Blank),(Blank),"1,238,400",(Blank),"1,238,400"
Pakistan,CanSino - Ad5-nCOV,"180,000",(Blank),(Blank),(Blank),"180,000"
Pakistan,Pfizer BioNTech - Comirnaty,(Blank),(Blank),"100,620",(Blank),"100,620"
Pakistan,Gamaleya - Sputnik V,"50,000",(Blank),(Blank),(Blank),"50,000"
Morocco,Unknown,(Blank),(Blank),(Blank),"8,300,988","8,300,988"
Morocco,SII - Covishield,"7,000,000",(Blank),(Blank),(Blank),"7,000,000"
Morocco,Sinopharm (Beijing) - BBIBP-CorV,"4,000,000",(Blank),(Blank),(Blank),"4,000,000"
Morocco,AstraZeneca - Vaxzevria,(Blank),(Blank),"957,600",(Blank),"957,600"
Saudi Arabia,Unknown,(Blank),(Blank),(Blank),"15,699,493","15,699,493"
Saudi Arabia,SII - Covishield,"3,000,000",(Blank),(Blank),(Blank),"3,000,000"
Saudi Arabia,AstraZeneca - Vaxzevria,(Blank),(Blank),"892,800",(Blank),"892,800"
Saudi Arabia,Pfizer BioNTech - Comirnaty,(Blank),(Blank),"279,630",(Blank),"279,630"
Netherlands,Pfizer BioNTech - Comirnaty,"12,678,120",(Blank),(Blank),(Blank),"12,678,120"
Netherlands,AstraZeneca - Vaxzevria,"3,615,400",(Blank),(Blank),(Blank),"3,615,400"
Netherlands,Moderna - mRNA-1273,"1,749,600",(Blank),(Blank),(Blank),"1,749,600"
Netherlands,Janssen - Ad26.COV 2.S,"1,221,600",(Blank),(Blank),(Blank),"1,221,600"
Hungary,Pfizer BioNTech - Comirnaty,"6,107,400",(Blank),(Blank),(Blank),"6,107,400"
Hungary,Sinopharm (Beijing) - BBIBP-CorV,"5,187,056",(Blank),(Blank),(Blank),"5,187,056"
Hungary,AstraZeneca - Vaxzevria,"2,293,900",(Blank),(Blank),(Blank),"2,293,900"
Hungary,Gamaleya - Sputnik V,"2,000,000",(Blank),(Blank),(Blank),"2,000,000"
Hungary,Moderna - mRNA-1273,"970,800",(Blank),(Blank),(Blank),"970,800"
Hungary,Janssen - Ad26.COV 2.S,"466,800",(Blank),(Blank),(Blank),"466,800"
United Arab Emirates,Unknown,(Blank),(Blank),(Blank),"12,374,641","12,374,641"
United Arab Emirates,Sinopharm (Beijing) - BBIBP-CorV,"3,000,000",(Blank),(Blank),(Blank),"3,000,000"
United Arab Emirates,SII - Covishield,"200,000",(Blank),(Blank),(Blank),"200,000"
Romania,Pfizer BioNTech - Comirnaty,"10,271,550",(Blank),(Blank),(Blank),"10,271,550"
Romania,AstraZeneca - Vaxzevria,"2,968,400",(Blank),(Blank),(Blank),"2,968,400"
Romania,Moderna - mRNA-1273,"1,235,400",(Blank),(Blank),(Blank),"1,235,400"
Romania,Janssen - Ad26.COV 2.S,"862,900",(Blank),(Blank),(Blank),"862,900"
Bangladesh,SII - Covishield,"7,000,000","2,100,000",(Blank),(Blank),"9,100,000"
Bangladesh,Moderna - mRNA-1273,(Blank),"2,500,000","2,500,000",(Blank),"5,000,000"
Bangladesh,Sinopharm (Beijing) - BBIBP-CorV,(Blank),"1,100,000",(Blank),(Blank),"1,100,000"
Bangladesh,Pfizer BioNTech - Comirnaty,(Blank),(Blank),"100,620",(Blank),"100,620"
Philippines,Sinovac - CoronaVac,"4,000,000","1,000,000",(Blank),(Blank),"5,000,000"
Philippines,AstraZeneca - Vaxzevria,(Blank),(Blank),"4,584,000",(Blank),"4,584,000"
Philippines,Pfizer BioNTech - Comirnaty,(Blank),(Blank),"2,472,210",(Blank),"2,472,210"
Philippines,Gamaleya - Sputnik V,"115,000",(Blank),(Blank),(Blank),"115,000"
Philippines,Moderna - mRNA-1273,"99,600",(Blank),(Blank),(Blank),"99,600"
Belgium,Pfizer BioNTech - Comirnaty,"7,893,015",(Blank),(Blank),(Blank),"7,893,015"
Belgium,AstraZeneca - Vaxzevria,"2,017,600",(Blank),(Blank),(Blank),"2,017,600"
Belgium,Moderna - mRNA-1273,"1,147,200",(Blank),(Blank),(Blank),"1,147,200"
Belgium,Janssen - Ad26.COV 2.S,"562,000",(Blank),(Blank),(Blank),"562,000"
Portugal,Pfizer BioNTech - Comirnaty,"7,052,760",(Blank),(Blank),(Blank),"7,052,760"
Portugal,AstraZeneca - Vaxzevria,"2,418,600",(Blank),(Blank),(Blank),"2,418,600"
Portugal,Moderna - mRNA-1273,"1,030,800",(Blank),(Blank),(Blank),"1,030,800"
Portugal,Janssen - Ad26.COV 2.S,"492,000",(Blank),(Blank),(Blank),"492,000"
Israel,Pfizer BioNTech - Comirnaty,"8,000,000",(Blank),(Blank),(Blank),"8,000,000"
Israel,Unknown,(Blank),(Blank),(Blank),"2,723,917","2,723,917"
Israel,Moderna - mRNA-1273,"120,000",(Blank),(Blank),(Blank),"120,000"
Thailand,Unknown,(Blank),(Blank),(Blank),"5,360,748","5,360,748"
Thailand,Sinovac - CoronaVac,"2,500,000","1,000,000",(Blank),(Blank),"3,500,000"
Thailand,AstraZeneca - Vaxzevria,"1,917,000",(Blank),(Blank),(Blank),"1,917,000"
Malaysia,Unknown,(Blank),(Blank),(Blank),"8,120,476","8,120,476"
Malaysia,Sinovac - CoronaVac,"1,200,000",(Blank),(Blank),(Blank),"1,200,000"
Malaysia,AstraZeneca - Vaxzevria,(Blank),(Blank),"828,000",(Blank),"828,000"
Sweden,Pfizer BioNTech - Comirnaty,"7,263,165",(Blank),(Blank),(Blank),"7,263,165"
Sweden,AstraZeneca - Vaxzevria,"1,613,700",(Blank),(Blank),(Blank),"1,613,700"
Sweden,Moderna - mRNA-1273,"960,000",(Blank),(Blank),(Blank),"960,000"
Peru,Unknown,(Blank),(Blank),(Blank),"5,959,624","5,959,624"
Peru,Pfizer BioNTech - Comirnaty,"1,342,780",(Blank),"827,190",(Blank),"2,169,970"
Peru,AstraZeneca - Vaxzevria,(Blank),(Blank),"787,200",(Blank),"787,200"
Peru,Sinopharm (Beijing) - BBIBP-CorV,"700,000",(Blank),(Blank),(Blank),"700,000"
Austria,Pfizer BioNTech - Comirnaty,"5,845,745",(Blank),(Blank),(Blank),"5,845,745"
Austria,AstraZeneca - Vaxzevria,"2,066,400",(Blank),(Blank),(Blank),"2,066,400"
Austria,Moderna - mRNA-1273,"884,400",(Blank),(Blank),(Blank),"884,400"
Austria,Janssen - Ad26.COV 2.S,"272,400",(Blank),(Blank),(Blank),"272,400"
Greece,Unknown,(Blank),(Blank),(Blank),"8,802,118","8,802,118"
Czechia,Pfizer BioNTech - Comirnaty,"7,044,570","5,000",(Blank),(Blank),"7,049,570"
Czechia,AstraZeneca - Vaxzevria,"805,200",(Blank),(Blank),(Blank),"805,200"
Czechia,Moderna - mRNA-1273,"785,100",(Blank),(Blank),(Blank),"785,100"
Czechia,Janssen - Ad26.COV 2.S,"149,950",(Blank),(Blank),(Blank),"149,950"
Australia,Unknown,(Blank),(Blank),(Blank),"7,013,473","7,013,473"
Australia,AstraZeneca - Vaxzevria,"1,100,000",(Blank),(Blank),(Blank),"1,100,000"
Australia,Pfizer BioNTech - Comirnaty,"142,000",(Blank),"513,630",(Blank),"655,630"
Dominican Republic,Sinovac - CoronaVac,"4,268,000",(Blank),(Blank),(Blank),"4,268,000"
Dominican Republic,Unknown,(Blank),(Blank),(Blank),"3,048,352","3,048,352"
Dominican Republic,AstraZeneca - Vaxzevria,"475,000",(Blank),"278,400",(Blank),"753,400"
Dominican Republic,Pfizer BioNTech - Comirnaty,"228,150",(Blank),(Blank),(Blank),"228,150"
Dominican Republic,SII - Covishield,"20,000","30,000",(Blank),(Blank),"50,000"
Dominican Republic,Sinopharm (Beijing) - BBIBP-CorV,(Blank),"50,000",(Blank),(Blank),"50,000"
Cambodia,Sinovac - CoronaVac,"3,500,000",(Blank),(Blank),(Blank),"3,500,000"
Cambodia,Sinopharm (Beijing) - BBIBP-CorV,(Blank),"2,200,000",(Blank),(Blank),"2,200,000"
Cambodia,Unknown,(Blank),(Blank),(Blank),"2,114,310","2,114,310"
Cambodia,SII - Covishield,(Blank),(Blank),"324,000",(Blank),"324,000"
Iran (Islamic Republic of),Unknown,(Blank),(Blank),(Blank),"4,842,914","4,842,914"
Iran (Islamic Republic of),AstraZeneca - Vaxzevria,(Blank),(Blank),"2,152,800",(Blank),"2,152,800"
Iran (Islamic Republic of),Sinopharm (Beijing) - BBIBP-CorV,(Blank),"650,000",(Blank),(Blank),"650,000"
Iran (Islamic Republic of),Bharat - Covaxin,"125,000",(Blank),(Blank),(Blank),"125,000"
Iran (Islamic Republic of),Gamaleya - Sputnik V,"100,000",(Blank),(Blank),(Blank),"100,000"
Switzerland,Unknown,(Blank),(Blank),(Blank),"7,489,716","7,489,716"
Cuba,Unknown,(Blank),(Blank),(Blank),"6,675,818","6,675,818"
Egypt,AstraZeneca - Vaxzevria,(Blank),(Blank),"2,623,200",(Blank),"2,623,200"
Egypt,Sinovac - CoronaVac,"2,000,000",(Blank),(Blank),(Blank),"2,000,000"
Egypt,Sinopharm (Beijing) - BBIBP-CorV,"1,000,000","650,000",(Blank),(Blank),"1,650,000"
Egypt,Gamaleya - Sputnik V,"210,000",(Blank),(Blank),(Blank),"210,000"
Egypt,SII - Covishield,"50,000",(Blank),(Blank),(Blank),"50,000"
Kazakhstan,Unknown,(Blank),(Blank),(Blank),"5,439,831","5,439,831"
Kazakhstan,Sinovac - CoronaVac,"500,000",(Blank),(Blank),(Blank),"500,000"
Kazakhstan,Gamaleya - Sputnik V,"22,000",(Blank),(Blank),(Blank),"22,000"
Singapore,Unknown,(Blank),(Blank),(Blank),"5,580,703","5,580,703"
Singapore,Sinovac - CoronaVac,"200,000",(Blank),(Blank),(Blank),"200,000"
Denmark,Pfizer BioNTech - Comirnaty,"4,876,560",(Blank),(Blank),(Blank),"4,876,560"
Denmark,Moderna - mRNA-1273,"509,090",(Blank),(Blank),(Blank),"509,090"
Denmark,AstraZeneca - Vaxzevria,"202,920",(Blank),(Blank),(Blank),"202,920"
Denmark,Janssen - Ad26.COV 2.S,"42,300",(Blank),(Blank),(Blank),"42,300"
Ireland,Pfizer BioNTech - Comirnaty,"3,491,280",(Blank),(Blank),(Blank),"3,491,280"
Ireland,AstraZeneca - Vaxzevria,"1,176,300",(Blank),(Blank),(Blank),"1,176,300"
Ireland,Moderna - mRNA-1273,"492,000",(Blank),(Blank),(Blank),"492,000"
Ireland,Janssen - Ad26.COV 2.S,"207,700",(Blank),(Blank),(Blank),"207,700"
Serbia,Unknown,(Blank),(Blank),(Blank),"3,902,111","3,902,111"
Serbia,Sinopharm (Beijing) - BBIBP-CorV,"940,000","200,000",(Blank),(Blank),"1,140,000"
Serbia,AstraZeneca - Vaxzevria,(Blank),(Blank),"177,600",(Blank),"177,600"
Serbia,Pfizer BioNTech - Comirnaty,"104,130",(Blank),"28,080",(Blank),"132,210"
Ecuador,Unknown,(Blank),(Blank),(Blank),"3,042,560","3,042,560"
Ecuador,AstraZeneca - Vaxzevria,"316,000",(Blank),"756,000",(Blank),"1,072,000"
Ecuador,Sinovac - CoronaVac,"700,000","20,000",(Blank),(Blank),"720,000"
Ecuador,Pfizer BioNTech - Comirnaty,"373,230",(Blank),(Blank),(Blank),"373,230"
Finland,Pfizer BioNTech - Comirnaty,"3,950,505",(Blank),(Blank),(Blank),"3,950,505"
Finland,AstraZeneca - Vaxzevria,"631,200",(Blank),(Blank),(Blank),"631,200"
Finland,Moderna - mRNA-1273,"555,600",(Blank),(Blank),(Blank),"555,600"
Finland,Janssen - Ad26.COV 2.S,"68,400",(Blank),(Blank),(Blank),"68,400"
Slovakia,Pfizer BioNTech - Comirnaty,"3,091,140",(Blank),(Blank),(Blank),"3,091,140"
Slovakia,AstraZeneca - Vaxzevria,"967,800","15,000",(Blank),(Blank),"982,800"
Slovakia,Moderna - mRNA-1273,"501,600",(Blank),(Blank),(Blank),"501,600"
Slovakia,Gamaleya - Sputnik V,"400,000",(Blank),(Blank),(Blank),"400,000"
Slovakia,Janssen - Ad26.COV 2.S,"137,075",(Blank),(Blank),(Blank),"137,075"
Taiwan,Moderna - mRNA-1273,"560,000","2,500,000",(Blank),(Blank),"3,060,000"
Taiwan,AstraZeneca - Vaxzevria,(Blank),"1,240,000","609,600",(Blank),"1,849,600"
Taiwan,Vaxzevria,"116,500",(Blank),(Blank),(Blank),"116,500"
Bulgaria,Pfizer BioNTech - Comirnaty,"2,986,035",(Blank),(Blank),(Blank),"2,986,035"
Bulgaria,AstraZeneca - Vaxzevria,"1,183,200",(Blank),(Blank),(Blank),"1,183,200"
Bulgaria,Moderna - mRNA-1273,"488,400",(Blank),(Blank),(Blank),"488,400"
Bulgaria,Janssen - Ad26.COV 2.S,"226,900",(Blank),(Blank),(Blank),"226,900"
El Salvador,Sinovac - CoronaVac,"1,500,000","150,000",(Blank),(Blank),"1,650,000"
El Salvador,Moderna - mRNA-1273,(Blank),(Blank),"1,500,100",(Blank),"1,500,100"
El Salvador,Unknown,(Blank),(Blank),(Blank),"915,313","915,313"
El Salvador,Pfizer BioNTech - Comirnaty,"125,190",(Blank),"191,880",(Blank),"317,070"
El Salvador,AstraZeneca - Vaxzevria,(Blank),(Blank),"225,600",(Blank),"225,600"
El Salvador,SII - Covishield,"200,000",(Blank),(Blank),(Blank),"200,000"
South Africa,Unknown,(Blank),(Blank),(Blank),"1,909,018","1,909,018"
South Africa,Pfizer BioNTech - Comirnaty,"325,260",(Blank),"1,392,300",(Blank),"1,717,560"
South Africa,SII - Covishield,"1,000,000",(Blank),(Blank),(Blank),"1,000,000"
South Africa,Janssen - Ad26.COV 2.S,"80,000",(Blank),(Blank),(Blank),"80,000"
Jordan,Unknown,(Blank),(Blank),(Blank),"2,903,724","2,903,724"
Jordan,Pfizer BioNTech - Comirnaty,"1,000,000",(Blank),"40,950",(Blank),"1,040,950"
Jordan,AstraZeneca - Vaxzevria,(Blank),(Blank),"436,800",(Blank),"436,800"
Jordan,Sinopharm (Beijing) - BBIBP-CorV,"150,000",(Blank),(Blank),(Blank),"150,000"
Norway,Pfizer BioNTech - Comirnaty,"2,662,920",(Blank),(Blank),(Blank),"2,662,920"
Norway,Unknown,(Blank),(Blank),(Blank),"721,803","721,803"
Norway,Moderna - mRNA-1273,"375,600",(Blank),(Blank),(Blank),"375,600"
Norway,AstraZeneca - Vaxzevria,"345,600",(Blank),(Blank),(Blank),"345,600"
Norway,Janssen - Ad26.COV 2.S,"279,100",(Blank),(Blank),(Blank),"279,100"
Uzbekistan,Anhui ZL - Recombinant,"3,500,000",(Blank),(Blank),(Blank),"3,500,000"
Uzbekistan,SII - Covishield,(Blank),(Blank),"660,000",(Blank),"660,000"
Uzbekistan,Gamaleya - Sputnik V,"170,000",(Blank),(Blank),(Blank),"170,000"
Ukraine,Sinovac - CoronaVac,"1,400,000",(Blank),(Blank),(Blank),"1,400,000"
Ukraine,Pfizer BioNTech - Comirnaty,"283,690",(Blank),"1,064,700",(Blank),"1,348,390"
Ukraine,AstraZeneca - Vaxzevria,(Blank),(Blank),"1,072,800",(Blank),"1,072,800"
Ukraine,SII - Covishield,"500,000",(Blank),(Blank),(Blank),"500,000"
Azerbaijan,Unknown,(Blank),(Blank),(Blank),"3,213,533","3,213,533"
Azerbaijan,Sinovac - CoronaVac,"350,000","150,000",(Blank),(Blank),"500,000"
Azerbaijan,AstraZeneca - Vaxzevria,(Blank),(Blank),"259,200",(Blank),"259,200"
Azerbaijan,Pfizer BioNTech - Comirnaty,(Blank),(Blank),"218,790",(Blank),"218,790"
Azerbaijan,Gamaleya - Sputnik V,"80,000",(Blank),(Blank),(Blank),"80,000"
Nigeria,SII - Covishield,(Blank),"300,000","3,924,000",(Blank),"4,224,000"
Uruguay,Unknown,(Blank),(Blank),(Blank),"2,310,805","2,310,805"
Uruguay,Sinovac - CoronaVac,"1,750,000",(Blank),(Blank),(Blank),"1,750,000"
Uruguay,AstraZeneca - Vaxzevria,(Blank),(Blank),"98,400",(Blank),"98,400"
Uruguay,Pfizer BioNTech - Comirnaty,"50,000",(Blank),(Blank),(Blank),"50,000"
Myanmar,SII - Covishield,"2,000,000","1,500,000",(Blank),(Blank),"3,500,000"
Myanmar,Sinopharm (Beijing) - BBIBP-CorV,(Blank),"500,000",(Blank),(Blank),"500,000"
Myanmar,Bharat - Covaxin,(Blank),"200,000",(Blank),(Blank),"200,000"
Lithuania,Pfizer BioNTech - Comirnaty,"2,911,939",(Blank),(Blank),(Blank),"2,911,939"
Lithuania,AstraZeneca - Vaxzevria,"759,143",(Blank),(Blank),(Blank),"759,143"
Lithuania,Moderna - mRNA-1273,"351,445",(Blank),(Blank),(Blank),"351,445"
Lithuania,Janssen - Ad26.COV 2.S,"97,020",(Blank),(Blank),(Blank),"97,020"
Viet Nam,AstraZeneca - Vaxzevria,"117,600","1,000,000","2,493,600",(Blank),"3,611,200"
Viet Nam,Sinopharm (Beijing) - BBIBP-CorV,(Blank),"500,000",(Blank),(Blank),"500,000"
Bolivia (Plurinational State of),Unknown,(Blank),(Blank),(Blank),"1,171,344","1,171,344"
Bolivia (Plurinational State of),Sinopharm (Beijing) - BBIBP-CorV,"831,200","200,000",(Blank),(Blank),"1,031,200"
Bolivia (Plurinational State of),Janssen - Ad26.COV 2.S,(Blank),(Blank),"1,008,000",(Blank),"1,008,000"
Bolivia (Plurinational State of),Gamaleya - Sputnik V,"445,000",(Blank),(Blank),(Blank),"445,000"
Bolivia (Plurinational State of),SII - Covishield,(Blank),(Blank),"228,000",(Blank),"228,000"
Bolivia (Plurinational State of),Pfizer BioNTech - Comirnaty,(Blank),(Blank),"193,050",(Blank),"193,050"
Mongolia,Unknown,(Blank),(Blank),(Blank),"2,440,617","2,440,617"
Mongolia,Sinopharm (Beijing) - BBIBP-CorV,"916,800","300,000",(Blank),(Blank),"1,216,800"
Mongolia,SII - Covishield,(Blank),"150,000",(Blank),(Blank),"150,000"
Mongolia,Pfizer BioNTech - Comirnaty,(Blank),(Blank),"126,360",(Blank),"126,360"
Mongolia,AstraZeneca - Vaxzevria,(Blank),(Blank),"112,800",(Blank),"112,800"
Mongolia,Gamaleya - Sputnik V,"20,000",(Blank),(Blank),(Blank),"20,000"
Nepal,SII - Covishield,"1,000,000","1,100,000","348,000",(Blank),"2,448,000"
Nepal,Sinopharm (Beijing) - BBIBP-CorV,(Blank),"1,600,000",(Blank),(Blank),"1,600,000"
"China, Hong Kong SAR",Unknown,(Blank),(Blank),(Blank),"4,026,041","4,026,041"
Croatia,Pfizer BioNTech - Comirnaty,"2,300,220",(Blank),(Blank),(Blank),"2,300,220"
Croatia,AstraZeneca - Vaxzevria,"951,700",(Blank),(Blank),(Blank),"951,700"
Croatia,Moderna - mRNA-1273,"457,200",(Blank),(Blank),(Blank),"457,200"
Croatia,Janssen - Ad26.COV 2.S,"95,950",(Blank),(Blank),(Blank),"95,950"
Algeria,Unknown,(Blank),(Blank),(Blank),"1,450,000","1,450,000"
Algeria,AstraZeneca - Vaxzevria,(Blank),(Blank),"1,123,200",(Blank),"1,123,200"
Algeria,Sinovac - CoronaVac,"500,000",(Blank),(Blank),(Blank),"500,000"
Algeria,Gamaleya - Sputnik V,"300,000",(Blank),(Blank),(Blank),"300,000"
Algeria,Sinopharm (Beijing) - BBIBP-CorV,(Blank),"200,000",(Blank),(Blank),"200,000"
Algeria,SII - Covishield,"50,000",(Blank),(Blank),(Blank),"50,000"
Sri Lanka,Sinopharm (Beijing) - BBIBP-CorV,"1,000,000","1,100,000",(Blank),(Blank),"2,100,000"
Sri Lanka,SII - Covishield,"500,000","500,000","264,000",(Blank),"1,264,000"
Sri Lanka,Gamaleya - Sputnik V,"115,000",(Blank),(Blank),(Blank),"115,000"
Qatar,Unknown,(Blank),(Blank),(Blank),"3,276,416","3,276,416"
Qatar,AstraZeneca - Vaxzevria,(Blank),(Blank),"74,400",(Blank),"74,400"
Honduras,Moderna - mRNA-1273,(Blank),(Blank),"1,500,000",(Blank),"1,500,000"
Honduras,Unknown,(Blank),(Blank),(Blank),"903,581","903,581"
Honduras,AstraZeneca - Vaxzevria,(Blank),(Blank),"424,800",(Blank),"424,800"
Honduras,Pfizer BioNTech - Comirnaty,(Blank),(Blank),"212,940",(Blank),"212,940"
Angola,Unknown,(Blank),(Blank),(Blank),"1,248,460","1,248,460"
Angola,SII - Covishield,(Blank),(Blank),"1,119,000",(Blank),"1,119,000"
Angola,Sinopharm (Beijing) - BBIBP-CorV,"40,000","200,000",(Blank),(Blank),"240,000"
Angola,Pfizer BioNTech - Comirnaty,(Blank),(Blank),"100,620",(Blank),"100,620"
Angola,Gamaleya - Sputnik V,(Blank),"25,000",(Blank),(Blank),"25,000"
Tunisia,Unknown,(Blank),(Blank),(Blank),"1,728,431","1,728,431"
Tunisia,Pfizer BioNTech - Comirnaty,"84,000",(Blank),"347,490",(Blank),"431,490"
Tunisia,AstraZeneca - Vaxzevria,(Blank),(Blank),"256,800",(Blank),"256,800"
Tunisia,Sinovac - CoronaVac,(Blank),"100,000",(Blank),(Blank),"100,000"
Tunisia,Gamaleya - Sputnik V,"30,000",(Blank),(Blank),(Blank),"30,000"
Ethiopia,SII - Covishield,(Blank),(Blank),"2,184,000",(Blank),"2,184,000"
Ethiopia,Sinopharm (Beijing) - BBIBP-CorV,(Blank),"300,000",(Blank),(Blank),"300,000"
Kuwait,Unknown,(Blank),(Blank),(Blank),"1,637,455","1,637,455"
Kuwait,SII - Covishield,"588,000",(Blank),(Blank),(Blank),"588,000"
Kuwait,Pfizer BioNTech - Comirnaty,"150,000",(Blank),"35,100",(Blank),"185,100"
Bahrain,Unknown,(Blank),(Blank),(Blank),"1,754,001","1,754,001"
Bahrain,Sinopharm (Beijing) - BBIBP-CorV,"300,000",(Blank),(Blank),(Blank),"300,000"
Bahrain,SII - Covishield,(Blank),"100,000",(Blank),(Blank),"100,000"
Bahrain,AstraZeneca - Vaxzevria,(Blank),(Blank),"62,400",(Blank),"62,400"
Bahrain,Pfizer BioNTech - Comirnaty,(Blank),(Blank),"7,020",(Blank),"7,020"
Ghana,SII - Covishield,"2,000","215,000","950,000",(Blank),"1,167,000"
Ghana,Unknown,(Blank),(Blank),(Blank),"1,023,677","1,023,677"
Ghana,Gamaleya - Sputnik V,"21,000",(Blank),(Blank),(Blank),"21,000"
Slovenia,Pfizer BioNTech - Comirnaty,"1,117,350",(Blank),(Blank),(Blank),"1,117,350"
Slovenia,AstraZeneca - Vaxzevria,"667,200",(Blank),(Blank),(Blank),"667,200"
Slovenia,Moderna - mRNA-1273,"194,400",(Blank),(Blank),(Blank),"194,400"
Slovenia,Janssen - Ad26.COV 2.S,"81,600",(Blank),(Blank),(Blank),"81,600"
Uganda,SII - Covishield,(Blank),"100,000","864,000",(Blank),"964,000"
Uganda,Unknown,(Blank),(Blank),(Blank),"890,902","890,902"
Uganda,AstraZeneca - Vaxzevria,(Blank),(Blank),"175,200",(Blank),"175,200"
Lao People's Democratic Republic,Sinopharm (Beijing) - BBIBP-CorV,(Blank),"1,602,000",(Blank),(Blank),"1,602,000"
Lao People's Democratic Republic,SII - Covishield,(Blank),(Blank),"132,000",(Blank),"132,000"
Lao People's Democratic Republic,Pfizer BioNTech - Comirnaty,(Blank),(Blank),"100,620",(Blank),"100,620"
Kenya,SII - Covishield,(Blank),"100,000","1,092,000",(Blank),"1,192,000"
Kenya,AstraZeneca - Vaxzevria,(Blank),"358,700","182,400",(Blank),"541,100"
Guatemala,AstraZeneca - Vaxzevria,(Blank),(Blank),"724,800",(Blank),"724,800"
Guatemala,Unknown,(Blank),(Blank),(Blank),"470,183","470,183"
Guatemala,Gamaleya - Sputnik V,"300,000",(Blank),(Blank),(Blank),"300,000"
Guatemala,SII - Covishield,(Blank),"200,000",(Blank),(Blank),"200,000"
Afghanistan,SII - Covishield,(Blank),"500,000","468,000",(Blank),"968,000"
Afghanistan,Sinopharm (Beijing) - BBIBP-CorV,(Blank),"700,000",(Blank),(Blank),"700,000"
Iraq,AstraZeneca - Vaxzevria,(Blank),(Blank),"835,200",(Blank),"835,200"
Iraq,Sinopharm (Beijing) - BBIBP-CorV,"500,000","250,000",(Blank),(Blank),"750,000"
Iraq,Pfizer BioNTech - Comirnaty,"50,000",(Blank),(Blank),(Blank),"50,000"
Lebanon,Unknown,(Blank),(Blank),(Blank),"895,789","895,789"
Lebanon,Pfizer BioNTech - Comirnaty,"395,460",(Blank),(Blank),(Blank),"395,460"
Lebanon,AstraZeneca - Vaxzevria,(Blank),(Blank),"163,200",(Blank),"163,200"
Lebanon,Gamaleya - Sputnik V,"50,000",(Blank),(Blank),(Blank),"50,000"
Lebanon,Sinopharm (Beijing) - BBIBP-CorV,(Blank),"50,000",(Blank),(Blank),"50,000"
Latvia,Pfizer BioNTech - Comirnaty,"881,595",(Blank),(Blank),(Blank),"881,595"
Latvia,AstraZeneca - Vaxzevria,"332,600",(Blank),(Blank),(Blank),"332,600"
Latvia,Moderna - mRNA-1273,"259,200",(Blank),(Blank),(Blank),"259,200"
Latvia,Janssen - Ad26.COV 2.S,"76,600",(Blank),(Blank),(Blank),"76,600"
Venezuela (Bolivarian Republic of),Unknown,(Blank),(Blank),(Blank),"686,988","686,988"
Venezuela (Bolivarian Republic of),Sinopharm (Beijing) - BBIBP-CorV,(Blank),"500,000",(Blank),(Blank),"500,000"
Venezuela (Bolivarian Republic of),Gamaleya - Sputnik V,"280,000",(Blank),(Blank),(Blank),"280,000"
Côte d'Ivoire,Unknown,(Blank),(Blank),(Blank),"747,907","747,907"
Côte d'Ivoire,SII - Covishield,(Blank),"50,000","504,000",(Blank),"554,000"
Côte d'Ivoire,Pfizer BioNTech - Comirnaty,(Blank),(Blank),"100,620",(Blank),"100,620"
Zimbabwe,Sinopharm (Beijing) - BBIBP-CorV,"644,000","400,000",(Blank),(Blank),"1,044,000"
Zimbabwe,Sinovac - CoronaVac,"200,000",(Blank),(Blank),(Blank),"200,000"
Zimbabwe,SII - Covishield,(Blank),"35,000",(Blank),(Blank),"35,000"
Zimbabwe,Gamaleya - Sputnik V,(Blank),"25,000",(Blank),(Blank),"25,000"
Oman,Unknown,(Blank),(Blank),(Blank),"712,204","712,204"
Oman,Pfizer BioNTech - Comirnaty,"252,600",(Blank),"102,960",(Blank),"355,560"
Oman,AstraZeneca - Vaxzevria,(Blank),(Blank),"132,000",(Blank),"132,000"
Oman,SII - Covishield,(Blank),"100,000",(Blank),(Blank),"100,000"
Rwanda,Unknown,(Blank),(Blank),(Blank),"528,569","528,569"
Rwanda,SII - Covishield,(Blank),"50,000","370,000",(Blank),"420,000"
Rwanda,Pfizer BioNTech - Comirnaty,(Blank),(Blank),"203,580",(Blank),"203,580"
Rwanda,AstraZeneca - Vaxzevria,(Blank),(Blank),"117,600",(Blank),"117,600"
New Zealand,Unknown,(Blank),(Blank),(Blank),"1,149,608","1,149,608"
New Zealand,Pfizer BioNTech - Comirnaty,(Blank),(Blank),"100,620",(Blank),"100,620"
Estonia,Pfizer BioNTech - Comirnaty,"682,110",(Blank),(Blank),(Blank),"682,110"
Estonia,AstraZeneca - Vaxzevria,"369,600",(Blank),(Blank),(Blank),"369,600"
Estonia,Moderna - mRNA-1273,"121,200",(Blank),(Blank),(Blank),"121,200"
Estonia,Janssen - Ad26.COV 2.S,"31,600",(Blank),(Blank),(Blank),"31,600"
West Bank and Gaza,Unknown,(Blank),(Blank),(Blank),"759,480","759,480"
West Bank and Gaza,AstraZeneca - Vaxzevria,(Blank),(Blank),"168,000",(Blank),"168,000"
West Bank and Gaza,Pfizer BioNTech - Comirnaty,(Blank),(Blank),"140,400",(Blank),"140,400"
West Bank and Gaza,Sinopharm (Beijing) - BBIBP-CorV,(Blank),"100,000",(Blank),(Blank),"100,000"
West Bank and Gaza,SII - Covishield,"25,000",(Blank),(Blank),(Blank),"25,000"
West Bank and Gaza,Gamaleya - Sputnik V,(Blank),"2,000",(Blank),(Blank),"2,000"
West Bank and Gaza,Moderna - mRNA-1273,(Blank),"2,000",(Blank),(Blank),"2,000"
Cyprus,Pfizer BioNTech - Comirnaty,"631,785",(Blank),(Blank),(Blank),"631,785"
Cyprus,AstraZeneca - Vaxzevria,"290,700",(Blank),(Blank),(Blank),"290,700"
Cyprus,Sinovac - CoronaVac,(Blank),"146,000",(Blank),(Blank),"146,000"
Cyprus,Moderna - mRNA-1273,"88,800",(Blank),(Blank),(Blank),"88,800"
Cyprus,Janssen - Ad26.COV 2.S,"32,700",(Blank),(Blank),(Blank),"32,700"
Albania,Unknown,(Blank),(Blank),(Blank),"499,321","499,321"
Albania,Sinovac - CoronaVac,"352,000",(Blank),(Blank),(Blank),"352,000"
Albania,AstraZeneca - Vaxzevria,(Blank),(Blank),"120,000",(Blank),"120,000"
Albania,Gamaleya - Sputnik V,"50,000","10,000",(Blank),(Blank),"60,000"
Albania,SII - Covishield,(Blank),"50,000",(Blank),(Blank),"50,000"
Albania,Pfizer BioNTech - Comirnaty,"32,760",(Blank),(Blank),(Blank),"32,760"
Sudan,SII - Covishield,(Blank),(Blank),"828,000",(Blank),"828,000"
Sudan,Sinopharm (Beijing) - BBIBP-CorV,(Blank),"250,000",(Blank),(Blank),"250,000"
Belarus,Unknown,(Blank),(Blank),(Blank),"558,413","558,413"
Belarus,Sinopharm (Beijing) - BBIBP-CorV,(Blank),"410,000",(Blank),(Blank),"410,000"
Belarus,Gamaleya - Sputnik V,"100,000",(Blank),(Blank),(Blank),"100,000"
Senegal,Sinopharm (Beijing) - BBIBP-CorV,"200,000","300,000",(Blank),(Blank),"500,000"
Senegal,SII - Covishield,(Blank),"25,000","324,000",(Blank),"349,000"
Senegal,AstraZeneca - Vaxzevria,(Blank),(Blank),"184,800",(Blank),"184,800"
Republic of Moldova,AstraZeneca - Vaxzevria,(Blank),"273,600","108,000",(Blank),"381,600"
Republic of Moldova,Unknown,(Blank),(Blank),(Blank),"371,863","371,863"
Republic of Moldova,Pfizer BioNTech - Comirnaty,(Blank),(Blank),"125,190",(Blank),"125,190"
Republic of Moldova,Gamaleya - Sputnik V,(Blank),"101,000",(Blank),(Blank),"101,000"
Paraguay,Unknown,(Blank),(Blank),(Blank),"436,351","436,351"
Paraguay,AstraZeneca - Vaxzevria,(Blank),(Blank),"304,800",(Blank),"304,800"
Paraguay,Gamaleya - Sputnik V,"204,000",(Blank),(Blank),(Blank),"204,000"
Paraguay,Sinovac - CoronaVac,(Blank),"20,000",(Blank),(Blank),"20,000"
Costa Rica,Pfizer BioNTech - Comirnaty,"564,525",(Blank),"40,950",(Blank),"605,475"
Costa Rica,AstraZeneca - Vaxzevria,"204,000",(Blank),"132,000",(Blank),"336,000"
North Macedonia,Sinovac - CoronaVac,"500,000","30,000",(Blank),(Blank),"530,000"
North Macedonia,Sinopharm (Beijing) - BBIBP-CorV,"200,000",(Blank),(Blank),(Blank),"200,000"
North Macedonia,Pfizer BioNTech - Comirnaty,"10,530","4,680","100,620",(Blank),"115,830"
North Macedonia,AstraZeneca - Vaxzevria,(Blank),(Blank),"62,400",(Blank),"62,400"
North Macedonia,Gamaleya - Sputnik V,"6,000","20,000",(Blank),(Blank),"26,000"
Mozambique,SII - Covishield,(Blank),"100,000","384,000",(Blank),"484,000"
Mozambique,Sinopharm (Beijing) - BBIBP-CorV,(Blank),"260,000",(Blank),(Blank),"260,000"
Mozambique,AstraZeneca - Vaxzevria,(Blank),(Blank),"108,000",(Blank),"108,000"
Malawi,SII - Covishield,(Blank),"66,000","360,000",(Blank),"426,000"
Malawi,Unknown,(Blank),(Blank),(Blank),"362,407","362,407"
Niger,Sinopharm (Beijing) - BBIBP-CorV,(Blank),"400,000",(Blank),(Blank),"400,000"
Niger,SII - Covishield,(Blank),"25,000","355,200",(Blank),"380,200"
Mauritius,Bharat - Covaxin,"200,000",(Blank),(Blank),(Blank),"200,000"
Mauritius,SII - Covishield,"100,000","100,000",(Blank),(Blank),"200,000"
Mauritius,Unknown,(Blank),(Blank),(Blank),"146,948","146,948"
Mauritius,Sinopharm (Beijing) - BBIBP-CorV,(Blank),"100,000",(Blank),(Blank),"100,000"
Mauritius,AstraZeneca - Vaxzevria,(Blank),(Blank),"62,400",(Blank),"62,400"
Mauritius,Gamaleya - Sputnik V,"60,000",(Blank),(Blank),(Blank),"60,000"
Guinea,Sinovac - CoronaVac,"300,000",(Blank),(Blank),(Blank),"300,000"
Guinea,Sinopharm (Beijing) - BBIBP-CorV,(Blank),"200,000",(Blank),(Blank),"200,000"
Guinea,SII - Covishield,(Blank),(Blank),"194,400",(Blank),"194,400"
Guinea,Gamaleya - Sputnik V,"40,000",(Blank),(Blank),(Blank),"40,000"
Luxembourg,Pfizer BioNTech - Comirnaty,"450,180",(Blank),(Blank),(Blank),"450,180"
Luxembourg,AstraZeneca - Vaxzevria,"148,700",(Blank),(Blank),(Blank),"148,700"
Luxembourg,Moderna - mRNA-1273,"62,400",(Blank),(Blank),(Blank),"62,400"
Luxembourg,Janssen - Ad26.COV 2.S,"29,800",(Blank),(Blank),(Blank),"29,800"
Malta,Unknown,(Blank),(Blank),(Blank),"685,024","685,024"
Libya,Gamaleya - Sputnik V,"201,250","101,250",(Blank),(Blank),"302,500"
Libya,AstraZeneca - Vaxzevria,(Blank),(Blank),"175,200",(Blank),"175,200"
Libya,Sinovac - CoronaVac,(Blank),"150,000",(Blank),(Blank),"150,000"
Libya,Pfizer BioNTech - Comirnaty,(Blank),(Blank),"54,990",(Blank),"54,990"
Bosnia and Herzegovina,Unknown,(Blank),(Blank),(Blank),"336,521","336,521"
Bosnia and Herzegovina,Pfizer BioNTech - Comirnaty,(Blank),(Blank),"124,020",(Blank),"124,020"
Bosnia and Herzegovina,AstraZeneca - Vaxzevria,(Blank),(Blank),"67,200",(Blank),"67,200"
Bosnia and Herzegovina,Sinopharm (Beijing) - BBIBP-CorV,(Blank),"50,000",(Blank),(Blank),"50,000"
Bosnia and Herzegovina,Sinovac - CoronaVac,(Blank),"40,000",(Blank),(Blank),"40,000"
Bosnia and Herzegovina,Gamaleya - Sputnik V,"20,000","10,000",(Blank),(Blank),"30,000"
Somalia,SII - Covishield,(Blank),(Blank),"300,000",(Blank),"300,000"
Somalia,Sinopharm (Beijing) - BBIBP-CorV,(Blank),"200,000",(Blank),(Blank),"200,000"
Somalia,AstraZeneca - Vaxzevria,(Blank),(Blank),"108,000",(Blank),"108,000"
Togo,SII - Covishield,(Blank),(Blank),"296,000",(Blank),"296,000"
Togo,Sinovac - CoronaVac,(Blank),"200,000",(Blank),(Blank),"200,000"
Togo,Pfizer BioNTech - Comirnaty,(Blank),(Blank),"100,620",(Blank),"100,620"
Cameroon,SII - Covishield,(Blank),(Blank),"391,200",(Blank),"391,200"
Cameroon,Sinopharm (Beijing) - BBIBP-CorV,(Blank),"200,000",(Blank),(Blank),"200,000"
Bhutan,SII - Covishield,(Blank),"550,000",(Blank),(Blank),"550,000"
Bhutan,Pfizer BioNTech - Comirnaty,(Blank),(Blank),"5,850",(Blank),"5,850"
Georgia,Unknown,(Blank),(Blank),(Blank),"163,857","163,857"
Georgia,AstraZeneca - Vaxzevria,(Blank),(Blank),"129,600",(Blank),"129,600"
Georgia,Sinopharm (Beijing) - BBIBP-CorV,"100,000",(Blank),(Blank),(Blank),"100,000"
Georgia,Sinovac - CoronaVac,(Blank),"100,000",(Blank),(Blank),"100,000"
Georgia,Pfizer BioNTech - Comirnaty,(Blank),(Blank),"30,420",(Blank),"30,420"
Georgia,Gamaleya - Sputnik V,(Blank),"6,500",(Blank),(Blank),"6,500"
Maldives,SII - Covishield,(Blank),"200,000","12,000",(Blank),"212,000"
Maldives,Sinopharm (Beijing) - BBIBP-CorV,(Blank),"200,000",(Blank),(Blank),"200,000"
Maldives,Unknown,(Blank),(Blank),(Blank),"109,637","109,637"
Maldives,Pfizer BioNTech - Comirnaty,(Blank),(Blank),"5,850",(Blank),"5,850"
Panama,Pfizer BioNTech - Comirnaty,"358,960",(Blank),(Blank),(Blank),"358,960"
Panama,AstraZeneca - Vaxzevria,(Blank),(Blank),"110,400",(Blank),"110,400"
Panama,Gamaleya - Sputnik V,"40,950",(Blank),(Blank),(Blank),"40,950"
Zambia,AstraZeneca - Vaxzevria,(Blank),(Blank),"228,000",(Blank),"228,000"
Zambia,SII - Covishield,(Blank),(Blank),"228,000",(Blank),"228,000"
Madagascar,SII - Covishield,(Blank),(Blank),"250,000",(Blank),"250,000"
Madagascar,Unknown,(Blank),(Blank),(Blank),"197,001","197,001"
Benin,Sinovac - CoronaVac,"203,000","100,000",(Blank),(Blank),"303,000"
Benin,SII - Covishield,(Blank),(Blank),"144,000",(Blank),"144,000"
Iceland,Pfizer BioNTech - Comirnaty,"250,350",(Blank),(Blank),(Blank),"250,350"
Iceland,AstraZeneca - Vaxzevria,"93,680",(Blank),(Blank),(Blank),"93,680"
Iceland,Janssen - Ad26.COV 2.S,"50,300",(Blank),(Blank),(Blank),"50,300"
Iceland,Moderna - mRNA-1273,"36,020",(Blank),(Blank),(Blank),"36,020"
Iceland,Unknown,(Blank),(Blank),(Blank),"5,023","5,023"
Trinidad and Tobago,Sinopharm (Beijing) - BBIBP-CorV,"200,000","100,000",(Blank),(Blank),"300,000"
Trinidad and Tobago,AstraZeneca - Vaxzevria,(Blank),(Blank),"67,200",(Blank),"67,200"
Trinidad and Tobago,SII - Covishield,(Blank),"40,000",(Blank),(Blank),"40,000"
Trinidad and Tobago,Vaxzevria,(Blank),"19,000",(Blank),(Blank),"19,000"
Tajikistan,Unknown,(Blank),(Blank),(Blank),"223,648","223,648"
Tajikistan,SII - Covishield,(Blank),(Blank),"192,000",(Blank),"192,000"
Syrian Arab Republic,SII - Covishield,(Blank),(Blank),"256,800",(Blank),"256,800"
Syrian Arab Republic,Sinopharm (Beijing) - BBIBP-CorV,(Blank),"150,000",(Blank),(Blank),"150,000"
Syrian Arab Republic,Gamaleya - Sputnik V,(Blank),"5,000",(Blank),(Blank),"5,000"
Mali,SII - Covishield,(Blank),(Blank),"396,000",(Blank),"396,000"
Fiji,Unknown,(Blank),(Blank),(Blank),"312,299","312,299"
Fiji,AstraZeneca - Vaxzevria,(Blank),"10,000","60,000",(Blank),"70,000"
"China, Macao SAR",Unknown,(Blank),(Blank),(Blank),"273,898","273,898"
"China, Macao SAR",Sinopharm (Beijing) - BBIBP-CorV,"100,000",(Blank),(Blank),(Blank),"100,000"
Guyana,Gamaleya - Sputnik V,"197,537",(Blank),(Blank),(Blank),"197,537"
Guyana,SII - Covishield,(Blank),"83,000",(Blank),(Blank),"83,000"
Guyana,AstraZeneca - Vaxzevria,(Blank),(Blank),"62,400",(Blank),"62,400"
Guyana,Sinopharm (Beijing) - BBIBP-CorV,(Blank),"20,000",(Blank),(Blank),"20,000"
Yemen,SII - Covishield,(Blank),(Blank),"360,000",(Blank),"360,000"
Timor-Leste,AstraZeneca - Vaxzevria,(Blank),"20,000","124,800",(Blank),"144,800"
Timor-Leste,Unknown,(Blank),(Blank),(Blank),"108,766","108,766"
Timor-Leste,Sinovac - CoronaVac,(Blank),"100,000",(Blank),(Blank),"100,000"
Montenegro,Unknown,(Blank),(Blank),(Blank),"262,306","262,306"
Montenegro,AstraZeneca - Vaxzevria,(Blank),(Blank),"48,000",(Blank),"48,000"
Montenegro,Sinopharm (Beijing) - BBIBP-CorV,(Blank),"30,000",(Blank),(Blank),"30,000"
Montenegro,Gamaleya - Sputnik V,(Blank),"2,000",(Blank),(Blank),"2,000"
Nicaragua,SII - Covishield,(Blank),"200,000","135,000",(Blank),"335,000"
Djibouti,Sinopharm (Beijing) - BBIBP-CorV,(Blank),"200,000",(Blank),(Blank),"200,000"
Djibouti,Sinovac - CoronaVac,"100,000",(Blank),(Blank),(Blank),"100,000"
Djibouti,SII - Covishield,(Blank),(Blank),"24,000",(Blank),"24,000"
Congo (DRC),SII - Covishield,(Blank),"50,000","271,000",(Blank),"321,000"
Jamaica,AstraZeneca - Vaxzevria,(Blank),"65,000","124,800",(Blank),"189,800"
Jamaica,SII - Covishield,(Blank),"125,000",(Blank),(Blank),"125,000"
Botswana,Sinovac - CoronaVac,(Blank),"200,000",(Blank),(Blank),"200,000"
Botswana,AstraZeneca - Vaxzevria,(Blank),(Blank),"62,400",(Blank),"62,400"
Botswana,Bharat - Covaxin,(Blank),"30,000",(Blank),(Blank),"30,000"
Botswana,Pfizer BioNTech - Comirnaty,(Blank),(Blank),"19,890",(Blank),"19,890"
Chad,Sinopharm (Beijing) - BBIBP-CorV,(Blank),"200,000",(Blank),(Blank),"200,000"
Chad,Pfizer BioNTech - Comirnaty,(Blank),(Blank),"100,620",(Blank),"100,620"
Equatorial Guinea,Sinopharm (Beijing) - BBIBP-CorV,(Blank),"300,000",(Blank),(Blank),"300,000"
Hong Kong SAR and Macao,Pfizer BioNTech - Comirnaty,"300,000",(Blank),(Blank),(Blank),"300,000"
Papua New Guinea,AstraZeneca - Vaxzevria,(Blank),"18,480","146,400",(Blank),"164,880"
Papua New Guinea,SII - Covishield,(Blank),(Blank),"132,000",(Blank),"132,000"
Sierra Leone,Sinopharm (Beijing) - BBIBP-CorV,(Blank),"200,000",(Blank),(Blank),"200,000"
Sierra Leone,SII - Covishield,(Blank),(Blank),"96,000",(Blank),"96,000"
Kyrgyzstan,Sinopharm (Beijing) - BBIBP-CorV,(Blank),"150,000",(Blank),(Blank),"150,000"
Kyrgyzstan,Gamaleya - Sputnik V,"80,000","40,000",(Blank),(Blank),"120,000"
Suriname,Unknown,(Blank),(Blank),(Blank),"152,764","152,764"
Suriname,AstraZeneca - Vaxzevria,(Blank),(Blank),"52,800",(Blank),"52,800"
Suriname,SII - Covishield,(Blank),"50,000",(Blank),(Blank),"50,000"
Mauritania,AstraZeneca - Vaxzevria,(Blank),(Blank),"105,600",(Blank),"105,600"
Mauritania,SII - Covishield,(Blank),(Blank),"69,600",(Blank),"69,600"
Mauritania,Sinopharm (Beijing) - BBIBP-CorV,(Blank),"50,000",(Blank),(Blank),"50,000"
Mauritania,Pfizer BioNTech - Comirnaty,(Blank),"5,000",(Blank),(Blank),"5,000"
Barbados,SII - Covishield,(Blank),"100,000",(Blank),(Blank),"100,000"
Barbados,AstraZeneca - Vaxzevria,(Blank),(Blank),"67,200",(Blank),"67,200"
Barbados,Sinopharm (Beijing) - BBIBP-CorV,(Blank),"30,000",(Blank),(Blank),"30,000"
Namibia,Sinovac - CoronaVac,(Blank),"100,000",(Blank),(Blank),"100,000"
Namibia,AstraZeneca - Vaxzevria,(Blank),(Blank),"67,200",(Blank),"67,200"
Namibia,SII - Covishield,(Blank),"30,000",(Blank),(Blank),"30,000"
Belize,Unknown,(Blank),(Blank),(Blank),"88,902","88,902"
Belize,AstraZeneca - Vaxzevria,(Blank),(Blank),"67,200",(Blank),"67,200"
Belize,Bharat - Covaxin,(Blank),"25,000",(Blank),(Blank),"25,000"
Belize,Sinopharm (Beijing) - BBIBP-CorV,(Blank),"10,000",(Blank),(Blank),"10,000"
Brunei Darussalam,AstraZeneca - Vaxzevria,(Blank),(Blank),"62,400",(Blank),"62,400"
Brunei Darussalam,Sinopharm (Beijing) - BBIBP-CorV,(Blank),"52,000",(Blank),(Blank),"52,000"
Brunei Darussalam,Moderna - mRNA-1273,"50,400",(Blank),(Blank),(Blank),"50,400"
Bahamas,Unknown,(Blank),(Blank),(Blank),"75,992","75,992"
Bahamas,AstraZeneca - Vaxzevria,(Blank),(Blank),"67,200",(Blank),"67,200"
Bahamas,SII - Covishield,(Blank),"20,000",(Blank),(Blank),"20,000"
Kosovo,Pfizer BioNTech - Comirnaty,(Blank),(Blank),"100,620",(Blank),"100,620"
Kosovo,AstraZeneca - Vaxzevria,(Blank),(Blank),"62,400",(Blank),"62,400"
Cabo Verde,Unknown,(Blank),(Blank),(Blank),"99,686","99,686"
Cabo Verde,AstraZeneca - Vaxzevria,(Blank),(Blank),"31,200",(Blank),"31,200"
Cabo Verde,SII - Covishield,(Blank),(Blank),"24,000",(Blank),"24,000"
Cabo Verde,Pfizer BioNTech - Comirnaty,(Blank),(Blank),"5,850",(Blank),"5,850"
Central African Republic,SII - Covishield,(Blank),(Blank),"80,000",(Blank),"80,000"
Central African Republic,Unknown,(Blank),(Blank),(Blank),"78,685","78,685"
Burkina Faso,AstraZeneca - Vaxzevria,(Blank),(Blank),"115,200",(Blank),"115,200"
Burkina Faso,Unknown,(Blank),(Blank),(Blank),"25,833","25,833"
Seychelles,SII - Covishield,(Blank),"50,000",(Blank),(Blank),"50,000"
Seychelles,Sinopharm (Beijing) - BBIBP-CorV,(Blank),"50,000",(Blank),(Blank),"50,000"
Seychelles,Unknown,(Blank),(Blank),(Blank),"38,581","38,581"
French Polynesia,Unknown,(Blank),(Blank),(Blank),"132,540","132,540"
Aruba,Unknown,(Blank),(Blank),(Blank),"128,575","128,575"
Lesotho,Unknown,(Blank),(Blank),(Blank),"56,322","56,322"
Lesotho,AstraZeneca - Vaxzevria,(Blank),(Blank),"36,000",(Blank),"36,000"
Lesotho,SII - Covishield,(Blank),(Blank),"36,000",(Blank),"36,000"
Liberia,SII - Covishield,(Blank),"27,000","96,000",(Blank),"123,000"
South Sudan,SII - Covishield,(Blank),"59,000","60,000",(Blank),"119,000"
the republic of the Congo,Sinopharm (Beijing) - BBIBP-CorV,(Blank),"100,000",(Blank),(Blank),"100,000"
the republic of the Congo,Unknown,(Blank),(Blank),(Blank),"16,110","16,110"
New Caledonia,Unknown,(Blank),(Blank),(Blank),"111,259","111,259"
Samoa,Unknown,(Blank),(Blank),(Blank),"54,663","54,663"
Samoa,AstraZeneca - Vaxzevria,(Blank),(Blank),"52,800",(Blank),"52,800"
Antigua and Barbuda,AstraZeneca - Vaxzevria,(Blank),(Blank),"40,800",(Blank),"40,800"
Antigua and Barbuda,SII - Covishield,(Blank),"40,000",(Blank),(Blank),"40,000"
Antigua and Barbuda,Unknown,(Blank),(Blank),(Blank),"24,455","24,455"
Armenia,AstraZeneca - Vaxzevria,(Blank),(Blank),"74,400",(Blank),"74,400"
Armenia,Gamaleya - Sputnik V,"29,000",(Blank),(Blank),(Blank),"29,000"
Comoros,Unknown,(Blank),(Blank),(Blank),"90,880","90,880"
Comoros,SII - Covishield,(Blank),(Blank),"12,000",(Blank),"12,000"
Solomon Islands,Sinopharm (Beijing) - BBIBP-CorV,(Blank),"50,000",(Blank),(Blank),"50,000"
Solomon Islands,AstraZeneca - Vaxzevria,(Blank),(Blank),"28,800",(Blank),"28,800"
Solomon Islands,SII - Covishield,(Blank),(Blank),"24,000",(Blank),"24,000"
Gabon,Sinopharm (Beijing) - BBIBP-CorV,(Blank),"100,000",(Blank),(Blank),"100,000"
Dominica,SII - Covishield,(Blank),"70,000",(Blank),(Blank),"70,000"
Dominica,AstraZeneca - Vaxzevria,(Blank),(Blank),"28,800",(Blank),"28,800"
Andorra,Unknown,(Blank),(Blank),(Blank),"68,329","68,329"
Andorra,AstraZeneca - Vaxzevria,(Blank),(Blank),"26,400",(Blank),"26,400"
Cayman Islands,Unknown,(Blank),(Blank),(Blank),"93,748","93,748"
Bermuda,Unknown,(Blank),(Blank),(Blank),"80,722","80,722"
Bermuda,AstraZeneca - Vaxzevria,(Blank),(Blank),"9,600",(Blank),"9,600"
Saint Vincent and the Grenadines,AstraZeneca - Vaxzevria,(Blank),(Blank),"45,600",(Blank),"45,600"
Saint Vincent and the Grenadines,SII - Covishield,(Blank),"40,000",(Blank),(Blank),"40,000"
Sao Tome and Principe,Unknown,(Blank),(Blank),(Blank),"33,996","33,996"
Sao Tome and Principe,AstraZeneca - Vaxzevria,(Blank),(Blank),"24,000",(Blank),"24,000"
Sao Tome and Principe,SII - Covishield,(Blank),(Blank),"24,000",(Blank),"24,000"
Grenada,AstraZeneca - Vaxzevria,(Blank),(Blank),"45,600",(Blank),"45,600"
Grenada,Unknown,(Blank),(Blank),(Blank),"34,331","34,331"
Gibraltar,Unknown,(Blank),(Blank),(Blank),"78,125","78,125"
Saint Lucia,AstraZeneca - Vaxzevria,(Blank),(Blank),"50,400",(Blank),"50,400"
Saint Lucia,SII - Covishield,(Blank),"25,000",(Blank),(Blank),"25,000"
Eswatini,SII - Covishield,(Blank),"20,000","12,000",(Blank),"32,000"
Eswatini,Unknown,(Blank),(Blank),(Blank),"27,623","27,623"
Eswatini,AstraZeneca - Vaxzevria,(Blank),(Blank),"14,400",(Blank),"14,400"
Saint Kitts and Nevis,Unknown,(Blank),(Blank),(Blank),"21,850","21,850"
Saint Kitts and Nevis,AstraZeneca - Vaxzevria,(Blank),(Blank),"21,600",(Blank),"21,600"
Saint Kitts and Nevis,SII - Covishield,(Blank),"20,000",(Blank),(Blank),"20,000"
Tonga,AstraZeneca - Vaxzevria,(Blank),(Blank),"48,000",(Blank),"48,000"
Gambia,SII - Covishield,(Blank),(Blank),"36,000",(Blank),"36,000"
Gambia,Sinopharm (Beijing) - BBIBP-CorV,(Blank),"10,000",(Blank),(Blank),"10,000"
Turks and Caicos Islands,Unknown,(Blank),(Blank),(Blank),"45,342","45,342"
San Marino,Unknown,(Blank),(Blank),(Blank),"37,157","37,157"
San Marino,Gamaleya - Sputnik V,"7,500",(Blank),(Blank),(Blank),"7,500"
Greenland,Unknown,(Blank),(Blank),(Blank),"43,647","43,647"
Turkmenistan,Unknown,(Blank),(Blank),(Blank),"41,993","41,993"
Guinea-Bissau,SII - Covishield,(Blank),"12,000","28,800",(Blank),"40,800"
Liechtenstein,Moderna - mRNA-1273,"29,100",(Blank),(Blank),(Blank),"29,100"
Liechtenstein,Pfizer BioNTech - Comirnaty,"11,700",(Blank),(Blank),(Blank),"11,700"
Monaco,Unknown,(Blank),(Blank),(Blank),"37,872","37,872"
Kiribati,AstraZeneca - Vaxzevria,(Blank),(Blank),"24,000",(Blank),"24,000"
Vanuatu,AstraZeneca - Vaxzevria,(Blank),(Blank),"24,000",(Blank),"24,000"
British Virgin Islands,Unknown,(Blank),(Blank),(Blank),"22,247","22,247"
Cook Islands,Unknown,(Blank),(Blank),(Blank),"18,942","18,942"
Nauru,SII - Covishield,(Blank),"10,000",(Blank),(Blank),"10,000"
Nauru,AstraZeneca - Vaxzevria,(Blank),(Blank),"7,200",(Blank),"7,200"
Anguilla,Unknown,(Blank),(Blank),(Blank),"16,460","16,460"
Tuvalu,AstraZeneca - Vaxzevria,(Blank),(Blank),"9,600",(Blank),"9,600"
Wallis and Futuna,Unknown,(Blank),(Blank),(Blank),"8,933","8,933"
Saint Helena,Unknown,(Blank),(Blank),(Blank),"7,892","7,892"
Montserrat,Unknown,(Blank),(Blank),(Blank),"2,651","2,651"